PairIndex,Drug1,Drug2,Conc1,Conc2,Response,ConcUnit
1,AT-406,Navitoclax,0,0,-10.1932185364009,nM
1,AT-406,Navitoclax,0,1,5.9154516529663,nM
1,AT-406,Navitoclax,0,3,7.03374125287302,nM
1,AT-406,Navitoclax,0,10,1.86310933974981,nM
1,AT-406,Navitoclax,0,30,10.190391896022,nM
1,AT-406,Navitoclax,0,100,20.3440374671182,nM
1,AT-406,Navitoclax,0,300,29.6963304907931,nM
1,AT-406,Navitoclax,0,1000,49.2891882772157,nM
1,AT-406,Navitoclax,1,0,3.81985114205105,nM
1,AT-406,Navitoclax,1,1,4.01382933805383,nM
1,AT-406,Navitoclax,1,3,-0.496428716546264,nM
1,AT-406,Navitoclax,1,10,5.03353985474602,nM
1,AT-406,Navitoclax,1,30,2.16626652038803,nM
1,AT-406,Navitoclax,1,100,15.0303068848126,nM
1,AT-406,Navitoclax,1,300,33.6129940658219,nM
1,AT-406,Navitoclax,1,1000,56.1430845359805,nM
1,AT-406,Navitoclax,3,0,1.07341668389151,nM
1,AT-406,Navitoclax,3,1,-4.10463516022634,nM
1,AT-406,Navitoclax,3,3,10.1840319551695,nM
1,AT-406,Navitoclax,3,10,-1.51825921352264,nM
1,AT-406,Navitoclax,3,30,5.23493798174344,nM
1,AT-406,Navitoclax,3,100,14.0360361315306,nM
1,AT-406,Navitoclax,3,300,36.1431905349947,nM
1,AT-406,Navitoclax,3,1000,54.1269832857221,nM
1,AT-406,Navitoclax,10,0,2.55422291239359,nM
1,AT-406,Navitoclax,10,1,5.93029151495558,nM
1,AT-406,Navitoclax,10,3,6.83976305687024,nM
1,AT-406,Navitoclax,10,10,2.15460662882502,nM
1,AT-406,Navitoclax,10,30,8.56648699833759,nM
1,AT-406,Navitoclax,10,100,17.9876793812484,nM
1,AT-406,Navitoclax,10,300,40.9979453857746,nM
1,AT-406,Navitoclax,10,1000,58.0065472057777,nM
1,AT-406,Navitoclax,30,0,13.0714451022272,nM
1,AT-406,Navitoclax,30,1,14.1823147711393,nM
1,AT-406,Navitoclax,30,3,15.959918239427,nM
1,AT-406,Navitoclax,30,10,20.8676725973115,nM
1,AT-406,Navitoclax,30,30,21.3330082696898,nM
1,AT-406,Navitoclax,30,100,32.8105815282585,nM
1,AT-406,Navitoclax,30,300,47.2487072536892,nM
1,AT-406,Navitoclax,30,1000,65.3607588116097,nM
1,AT-406,Navitoclax,100,0,39.5425789206827,nM
1,AT-406,Navitoclax,100,1,42.0621754884346,nM
1,AT-406,Navitoclax,100,3,36.9392431317055,nM
1,AT-406,Navitoclax,100,10,40.1372333903961,nM
1,AT-406,Navitoclax,100,30,40.1064936762755,nM
1,AT-406,Navitoclax,100,100,46.6084732078658,nM
1,AT-406,Navitoclax,100,300,61.5999137874685,nM
1,AT-406,Navitoclax,100,1000,78.7367744146646,nM
1,AT-406,Navitoclax,300,0,55.6077895142242,nM
1,AT-406,Navitoclax,300,1,53.3330506692954,nM
1,AT-406,Navitoclax,300,3,42.5020713974027,nM
1,AT-406,Navitoclax,300,10,39.9941347212138,nM
1,AT-406,Navitoclax,300,30,49.304028139205,nM
1,AT-406,Navitoclax,300,100,57.8411887436114,nM
1,AT-406,Navitoclax,300,300,66.0190126898487,nM
1,AT-406,Navitoclax,300,1000,84.9907162530055,nM
1,AT-406,Navitoclax,1000,0,69.9823158311294,nM
1,AT-406,Navitoclax,1000,1,55.4392510816316,nM
1,AT-406,Navitoclax,1000,3,58.9393385308183,nM
1,AT-406,Navitoclax,1000,10,53.6340878696495,nM
1,AT-406,Navitoclax,1000,30,54.8763963161809,nM
1,AT-406,Navitoclax,1000,100,65.6257563471327,nM
1,AT-406,Navitoclax,1000,300,78.3551779635116,nM
1,AT-406,Navitoclax,1000,1000,98.038134912012,nM
2,Dinaciclib,Ipatasertib,100,0,73.6585470960235,nM
2,Dinaciclib,Ipatasertib,100,10,74.1821355081286,nM
2,Dinaciclib,Ipatasertib,100,30,73.3935208627358,nM
2,Dinaciclib,Ipatasertib,100,100,72.5519009706855,nM
2,Dinaciclib,Ipatasertib,100,300,73.8498831083483,nM
2,Dinaciclib,Ipatasertib,100,1000,77.5848137813641,nM
2,Dinaciclib,Ipatasertib,100,3000,77.7309014123959,nM
2,Dinaciclib,Ipatasertib,100,10000,100.307258055828,nM
2,Dinaciclib,Ipatasertib,30,0,73.1737430107411,nM
2,Dinaciclib,Ipatasertib,30,10,72.0231413150042,nM
2,Dinaciclib,Ipatasertib,30,30,71.6184915051551,nM
2,Dinaciclib,Ipatasertib,30,100,72.4032277178656,nM
2,Dinaciclib,Ipatasertib,30,300,71.9184236325831,nM
2,Dinaciclib,Ipatasertib,30,1000,73.09746716799,nM
2,Dinaciclib,Ipatasertib,30,3000,76.0605897372362,nM
2,Dinaciclib,Ipatasertib,30,10000,79.2344404822185,nM
2,Dinaciclib,Ipatasertib,10,0,51.2308637054115,nM
2,Dinaciclib,Ipatasertib,10,10,48.2948901649411,nM
2,Dinaciclib,Ipatasertib,10,30,50.835263571821,nM
2,Dinaciclib,Ipatasertib,10,100,51.8294351493735,nM
2,Dinaciclib,Ipatasertib,10,300,53.8901757145474,nM
2,Dinaciclib,Ipatasertib,10,1000,58.6865041316082,nM
2,Dinaciclib,Ipatasertib,10,3000,64.2391269217095,nM
2,Dinaciclib,Ipatasertib,10,10000,71.4840391721701,nM
2,Dinaciclib,Ipatasertib,3,0,9.16150440094375,nM
2,Dinaciclib,Ipatasertib,3,10,10.3987244265845,nM
2,Dinaciclib,Ipatasertib,3,30,12.7723252281273,nM
2,Dinaciclib,Ipatasertib,3,100,16.6210232598227,nM
2,Dinaciclib,Ipatasertib,3,300,26.0430290559248,nM
2,Dinaciclib,Ipatasertib,3,1000,36.9259111623447,nM
2,Dinaciclib,Ipatasertib,3,3000,36.1153187317525,nM
2,Dinaciclib,Ipatasertib,3,10000,44.5496170047726,nM
2,Dinaciclib,Ipatasertib,1,0,7.57393262300557,nM
2,Dinaciclib,Ipatasertib,1,10,-0.120877818597085,nM
2,Dinaciclib,Ipatasertib,1,30,9.20287434955452,nM
2,Dinaciclib,Ipatasertib,1,100,11.2300018314821,nM
2,Dinaciclib,Ipatasertib,1,300,19.6785210243372,nM
2,Dinaciclib,Ipatasertib,1,1000,31.3461393434675,nM
2,Dinaciclib,Ipatasertib,1,3000,37.2620419948072,nM
2,Dinaciclib,Ipatasertib,1,10000,43.6562846769589,nM
2,Dinaciclib,Ipatasertib,0.3,0,4.18418245871085,nM
2,Dinaciclib,Ipatasertib,0.3,10,2.29409293155644,nM
2,Dinaciclib,Ipatasertib,0.3,30,0.136391549326122,nM
2,Dinaciclib,Ipatasertib,0.3,100,5.05165856864287,nM
2,Dinaciclib,Ipatasertib,0.3,300,19.8646857930856,nM
2,Dinaciclib,Ipatasertib,0.3,1000,30.9776882386529,nM
2,Dinaciclib,Ipatasertib,0.3,3000,40.2704129453464,nM
2,Dinaciclib,Ipatasertib,0.3,10000,46.6711196819685,nM
2,Dinaciclib,Ipatasertib,0.1,0,1.18486118443025,nM
2,Dinaciclib,Ipatasertib,0.1,10,3.04392325012659,nM
2,Dinaciclib,Ipatasertib,0.1,30,3.64249469408862,nM
2,Dinaciclib,Ipatasertib,0.1,100,6.53839109684231,nM
2,Dinaciclib,Ipatasertib,0.1,300,18.3572682905808,nM
2,Dinaciclib,Ipatasertib,0.1,1000,33.2633778993978,nM
2,Dinaciclib,Ipatasertib,0.1,3000,39.3240753708751,nM
2,Dinaciclib,Ipatasertib,0.1,10000,43.5968153758309,nM
2,Dinaciclib,Ipatasertib,0,0,1.91917777227136,nM
2,Dinaciclib,Ipatasertib,0,10,1.2947501104276,nM
2,Dinaciclib,Ipatasertib,0,30,5.88422878443456,nM
2,Dinaciclib,Ipatasertib,0,100,10.3224485838334,nM
2,Dinaciclib,Ipatasertib,0,300,21.0553646265393,nM
2,Dinaciclib,Ipatasertib,0,1000,32.863899333125,nM
2,Dinaciclib,Ipatasertib,0,3000,40.8431281714267,nM
2,Dinaciclib,Ipatasertib,0,10000,43.2981760592969,nM
3,NVP-LGK974,Alpelisib,0,10000,66.157693947881,nM
3,NVP-LGK974,Alpelisib,0,3000,51.0973571683782,nM
3,NVP-LGK974,Alpelisib,0,1000,35.8516879314915,nM
3,NVP-LGK974,Alpelisib,0,300,18.3792630499176,nM
3,NVP-LGK974,Alpelisib,0,100,14.4181275428466,nM
3,NVP-LGK974,Alpelisib,0,30,6.04082385348594,nM
3,NVP-LGK974,Alpelisib,0,10,-2.22859974874082,nM
3,NVP-LGK974,Alpelisib,0,0,-0.409852125906198,nM
3,NVP-LGK974,Alpelisib,10,10000,72.3621820361214,nM
3,NVP-LGK974,Alpelisib,10,3000,58.7347141062435,nM
3,NVP-LGK974,Alpelisib,10,1000,42.2857669744015,nM
3,NVP-LGK974,Alpelisib,10,300,31.3290227401081,nM
3,NVP-LGK974,Alpelisib,10,100,21.0264744188191,nM
3,NVP-LGK974,Alpelisib,10,30,7.12100780286528,nM
3,NVP-LGK974,Alpelisib,10,10,7.19431093899474,nM
3,NVP-LGK974,Alpelisib,10,0,1.24430921014719,nM
3,NVP-LGK974,Alpelisib,30,10000,72.9555225153579,nM
3,NVP-LGK974,Alpelisib,30,3000,61.8452566186047,nM
3,NVP-LGK974,Alpelisib,30,1000,48.1998086742044,nM
3,NVP-LGK974,Alpelisib,30,300,39.1904383204822,nM
3,NVP-LGK974,Alpelisib,30,100,23.8769982596268,nM
3,NVP-LGK974,Alpelisib,30,30,17.2091790279267,nM
3,NVP-LGK974,Alpelisib,30,10,7.49582195175363,nM
3,NVP-LGK974,Alpelisib,30,0,7.6133835851688,nM
3,NVP-LGK974,Alpelisib,100,10000,72.1146110669295,nM
3,NVP-LGK974,Alpelisib,100,3000,63.7414566116893,nM
3,NVP-LGK974,Alpelisib,100,1000,47.6133835851688,nM
3,NVP-LGK974,Alpelisib,100,300,34.8406578841211,nM
3,NVP-LGK974,Alpelisib,100,100,24.4731048949437,nM
3,NVP-LGK974,Alpelisib,100,30,15.2770190057974,nM
3,NVP-LGK974,Alpelisib,100,10,14.5813307515877,nM
3,NVP-LGK974,Alpelisib,100,0,8.96326775238293,nM
3,NVP-LGK974,Alpelisib,300,10000,75.273561310697,nM
3,NVP-LGK974,Alpelisib,300,3000,62.8217097149707,nM
3,NVP-LGK974,Alpelisib,300,1000,51.2937542500836,nM
3,NVP-LGK974,Alpelisib,300,300,41.8791420305891,nM
3,NVP-LGK974,Alpelisib,300,100,28.7454329610548,nM
3,NVP-LGK974,Alpelisib,300,30,18.6296001751899,nM
3,NVP-LGK974,Alpelisib,300,10,16.3336906284937,nM
3,NVP-LGK974,Alpelisib,300,0,12.7169415534272,nM
3,NVP-LGK974,Alpelisib,1000,10000,73.3331028203266,nM
3,NVP-LGK974,Alpelisib,1000,3000,64.6003480746401,nM
3,NVP-LGK974,Alpelisib,1000,1000,49.5469266853382,nM
3,NVP-LGK974,Alpelisib,1000,300,41.079722923366,nM
3,NVP-LGK974,Alpelisib,1000,100,29.0552424420548,nM
3,NVP-LGK974,Alpelisib,1000,30,23.5962334174706,nM
3,NVP-LGK974,Alpelisib,1000,10,16.033562693775,nM
3,NVP-LGK974,Alpelisib,1000,0,19.0279266507613,nM
3,NVP-LGK974,Alpelisib,3000,10000,73.9222940654427,nM
3,NVP-LGK974,Alpelisib,3000,3000,60.2726968869219,nM
3,NVP-LGK974,Alpelisib,3000,1000,53.1664419164851,nM
3,NVP-LGK974,Alpelisib,3000,300,43.1764692322764,nM
3,NVP-LGK974,Alpelisib,3000,100,31.7314984498,nM
3,NVP-LGK974,Alpelisib,3000,30,23.273976234109,nM
3,NVP-LGK974,Alpelisib,3000,10,21.7498242338324,nM
3,NVP-LGK974,Alpelisib,3000,0,20.0832151954174,nM
3,NVP-LGK974,Alpelisib,10000,10000,100.116409068382,nM
3,NVP-LGK974,Alpelisib,10000,3000,64.9419683505642,nM
3,NVP-LGK974,Alpelisib,10000,1000,56.018348835333,nM
3,NVP-LGK974,Alpelisib,10000,300,47.4723096250706,nM
3,NVP-LGK974,Alpelisib,10000,100,37.7285248320137,nM
3,NVP-LGK974,Alpelisib,10000,30,30.9376116547376,nM
3,NVP-LGK974,Alpelisib,10000,10,26.8367852656086,nM
3,NVP-LGK974,Alpelisib,10000,0,30.064889411385,nM
4,BMS-754807,Trametinib,0,0,-3.0929372126453,nM
4,BMS-754807,Trametinib,0,0.3,8.68826077585159,nM
4,BMS-754807,Trametinib,0,0.9,21.1647011349143,nM
4,BMS-754807,Trametinib,0,3,42.0832313698544,nM
4,BMS-754807,Trametinib,0,9,50.8063352948136,nM
4,BMS-754807,Trametinib,0,30,61.3730469604619,nM
4,BMS-754807,Trametinib,0,90,64.4321133909515,nM
4,BMS-754807,Trametinib,0,300,65.1429136327467,nM
4,BMS-754807,Trametinib,10,0,5.78380069070466,nM
4,BMS-754807,Trametinib,10,0.3,16.9786614072419,nM
4,BMS-754807,Trametinib,10,0.9,28.6480371962771,nM
4,BMS-754807,Trametinib,10,3,42.505238626953,nM
4,BMS-754807,Trametinib,10,9,57.9094758780068,nM
4,BMS-754807,Trametinib,10,30,66.6014640605071,nM
4,BMS-754807,Trametinib,10,90,70.0271128318405,nM
4,BMS-754807,Trametinib,10,300,69.3532625342151,nM
4,BMS-754807,Trametinib,30,0,7.12274998338873,nM
4,BMS-754807,Trametinib,30,0.3,14.8550119844227,nM
4,BMS-754807,Trametinib,30,0.9,31.4766526591805,nM
4,BMS-754807,Trametinib,30,3,46.7350348674583,nM
4,BMS-754807,Trametinib,30,9,57.5866500499959,nM
4,BMS-754807,Trametinib,30,30,68.5092480200178,nM
4,BMS-754807,Trametinib,30,90,70.2799282393189,nM
4,BMS-754807,Trametinib,30,300,70.9547509038961,nM
4,BMS-754807,Trametinib,100,0,7.91425668218673,nM
4,BMS-754807,Trametinib,100,0.3,16.618885635061,nM
4,BMS-754807,Trametinib,100,0.9,33.2784486209406,nM
4,BMS-754807,Trametinib,100,3,47.6296124631513,nM
4,BMS-754807,Trametinib,100,9,62.0128644147728,nM
4,BMS-754807,Trametinib,100,30,70.0251680979368,nM
4,BMS-754807,Trametinib,100,90,73.1377147107775,nM
4,BMS-754807,Trametinib,100,300,73.1143779039334,nM
4,BMS-754807,Trametinib,300,0,8.41599802933631,nM
4,BMS-754807,Trametinib,300,0.3,19.8092216040489,nM
4,BMS-754807,Trametinib,300,0.9,36.258753328331,nM
4,BMS-754807,Trametinib,300,3,50.006077293449,nM
4,BMS-754807,Trametinib,300,9,63.6104633166464,nM
4,BMS-754807,Trametinib,300,30,70.267287468945,nM
4,BMS-754807,Trametinib,300,90,73.4663747404996,nM
4,BMS-754807,Trametinib,300,300,74.0595185811221,nM
4,BMS-754807,Trametinib,1000,0,35.8260500347621,nM
4,BMS-754807,Trametinib,1000,0.3,44.2175768291438,nM
4,BMS-754807,Trametinib,1000,0.9,48.8684079597959,nM
4,BMS-754807,Trametinib,1000,3,63.7709038637001,nM
4,BMS-754807,Trametinib,1000,9,75.0270236982032,nM
4,BMS-754807,Trametinib,1000,30,80.4392181521463,nM
4,BMS-754807,Trametinib,1000,90,83.6130238829529,nM
4,BMS-754807,Trametinib,1000,300,84.9441942400223,nM
4,BMS-754807,Trametinib,3000,0,40.6732992896859,nM
4,BMS-754807,Trametinib,3000,0.3,53.2489210778363,nM
4,BMS-754807,Trametinib,3000,0.9,62.5437767704776,nM
4,BMS-754807,Trametinib,3000,3,74.8607489494385,nM
4,BMS-754807,Trametinib,3000,9,82.5502268045915,nM
4,BMS-754807,Trametinib,3000,30,89.5405728213713,nM
4,BMS-754807,Trametinib,3000,90,90.8581300411149,nM
4,BMS-754807,Trametinib,3000,300,91.8586956345586,nM
4,BMS-754807,Trametinib,10000,0,56.721243462858,nM
4,BMS-754807,Trametinib,10000,0.3,70.1428244991095,nM
4,BMS-754807,Trametinib,10000,0.9,80.5967415983444,nM
4,BMS-754807,Trametinib,10000,3,86.8675360707624,nM
4,BMS-754807,Trametinib,10000,9,89.0223012360404,nM
4,BMS-754807,Trametinib,10000,30,93.9910963599443,nM
4,BMS-754807,Trametinib,10000,90,96.0914089759193,nM
4,BMS-754807,Trametinib,10000,300,100.560407486577,nM
5,AZD1775,Alpelisib,10000,10000,100.460253690538,nM
5,AZD1775,Alpelisib,10000,3000,89.408330915921,nM
5,AZD1775,Alpelisib,10000,1000,86.0157426209503,nM
5,AZD1775,Alpelisib,10000,300,83.5926041769643,nM
5,AZD1775,Alpelisib,10000,100,83.2143534326984,nM
5,AZD1775,Alpelisib,10000,30,80.4907536005938,nM
5,AZD1775,Alpelisib,10000,10,79.1479148401023,nM
5,AZD1775,Alpelisib,10000,0,77.6475526334128,nM
5,AZD1775,Alpelisib,3000,10000,90.6597671829395,nM
5,AZD1775,Alpelisib,3000,3000,87.3342722076457,nM
5,AZD1775,Alpelisib,3000,1000,81.3046247392841,nM
5,AZD1775,Alpelisib,3000,300,79.4503209621247,nM
5,AZD1775,Alpelisib,3000,100,76.6829646171872,nM
5,AZD1775,Alpelisib,3000,30,75.1757958418348,nM
5,AZD1775,Alpelisib,3000,10,75.3887442042878,nM
5,AZD1775,Alpelisib,3000,0,75.3255403524182,nM
5,AZD1775,Alpelisib,1000,10000,88.7091990775479,nM
5,AZD1775,Alpelisib,1000,3000,80.008459592481,nM
5,AZD1775,Alpelisib,1000,1000,68.3488074729641,nM
5,AZD1775,Alpelisib,1000,300,65.4326789843951,nM
5,AZD1775,Alpelisib,1000,100,62.2530390518774,nM
5,AZD1775,Alpelisib,1000,30,58.377184381842,nM
5,AZD1775,Alpelisib,1000,10,57.1033836749312,nM
5,AZD1775,Alpelisib,1000,0,55.3472889599077,nM
5,AZD1775,Alpelisib,300,10000,79.8839966226454,nM
5,AZD1775,Alpelisib,300,3000,62.5253017983927,nM
5,AZD1775,Alpelisib,300,1000,54.7502556514778,nM
5,AZD1775,Alpelisib,300,300,48.4026441898644,nM
5,AZD1775,Alpelisib,300,100,41.4998111987502,nM
5,AZD1775,Alpelisib,300,30,38.4660263090085,nM
5,AZD1775,Alpelisib,300,10,40.2785183072388,nM
5,AZD1775,Alpelisib,300,0,34.036894843376,nM
5,AZD1775,Alpelisib,100,10000,69.1072536953996,nM
5,AZD1775,Alpelisib,100,3000,47.8960410079556,nM
5,AZD1775,Alpelisib,100,1000,-26.3976559474014,nM
5,AZD1775,Alpelisib,100,300,26.9590358009306,nM
5,AZD1775,Alpelisib,100,100,23.8435720872343,nM
5,AZD1775,Alpelisib,100,30,20.4490390583598,nM
5,AZD1775,Alpelisib,100,10,17.3345477116154,nM
5,AZD1775,Alpelisib,100,0,6.49265619859623,nM
5,AZD1775,Alpelisib,30,10000,56.2700651972041,nM
5,AZD1775,Alpelisib,30,3000,38.426159263983,nM
5,AZD1775,Alpelisib,30,1000,25.197106884196,nM
5,AZD1775,Alpelisib,30,300,17.7730852068954,nM
5,AZD1775,Alpelisib,30,100,10.7632918510788,nM
5,AZD1775,Alpelisib,30,30,8.33334683842989,nM
5,AZD1775,Alpelisib,30,10,10.1565348731304,nM
5,AZD1775,Alpelisib,30,0,8.90704334001566,nM
5,AZD1775,Alpelisib,10,10000,54.0258422723567,nM
5,AZD1775,Alpelisib,10,3000,31.6925181224891,nM
5,AZD1775,Alpelisib,10,1000,26.9220858567606,nM
5,AZD1775,Alpelisib,10,300,15.1194957953232,nM
5,AZD1775,Alpelisib,10,100,12.9268083189234,nM
5,AZD1775,Alpelisib,10,30,8.98191559530736,nM
5,AZD1775,Alpelisib,10,10,6.1056541517638,nM
5,AZD1775,Alpelisib,10,0,-0.950812817741154,nM
5,AZD1775,Alpelisib,0,10000,48.3433298058021,nM
5,AZD1775,Alpelisib,0,3000,29.312163824384,nM
5,AZD1775,Alpelisib,0,1000,19.4037445851315,nM
5,AZD1775,Alpelisib,0,300,13.1951815976313,nM
5,AZD1775,Alpelisib,0,100,10.9830467821947,nM
5,AZD1775,Alpelisib,0,30,1.25451542903261,nM
5,AZD1775,Alpelisib,0,10,6.72699663398974,nM
5,AZD1775,Alpelisib,0,0,0.0137751984844088,nM
6,Alvocidib,Navitoclax,0,0,-2.93228606307294,nM
6,Alvocidib,Navitoclax,0,1,3.6354128573271,nM
6,Alvocidib,Navitoclax,0,3,0.332483574569428,nM
6,Alvocidib,Navitoclax,0,10,-1.85957603927616,nM
6,Alvocidib,Navitoclax,0,30,4.57986407393078,nM
6,Alvocidib,Navitoclax,0,100,13.0714451022272,nM
6,Alvocidib,Navitoclax,0,300,39.338000823259,nM
6,Alvocidib,Navitoclax,0,1000,56.576620504096,nM
6,Alvocidib,Navitoclax,1,0,1.45819310547079,nM
6,Alvocidib,Navitoclax,1,1,7.26163913342273,nM
6,Alvocidib,Navitoclax,1,3,0.963177709113977,nM
6,Alvocidib,Navitoclax,1,10,-2.40971092302174,nM
6,Alvocidib,Navitoclax,1,30,10.6811673318105,nM
6,Alvocidib,Navitoclax,1,100,14.2172944458283,nM
6,Alvocidib,Navitoclax,1,300,33.1041987976179,nM
6,Alvocidib,Navitoclax,1,1000,58.0553067523139,nM
6,Alvocidib,Navitoclax,3,0,4.89892110670038,nM
6,Alvocidib,Navitoclax,3,1,9.02228275943701,nM
6,Alvocidib,Navitoclax,3,3,8.6661260716942,nM
6,Alvocidib,Navitoclax,3,10,-4.72578938349206,nM
6,Alvocidib,Navitoclax,3,30,9.59361744602442,nM
6,Alvocidib,Navitoclax,3,100,19.2215079066431,nM
6,Alvocidib,Navitoclax,3,300,36.400768139523,nM
6,Alvocidib,Navitoclax,3,1000,57.6800702420134,nM
6,Alvocidib,Navitoclax,10,0,11.6764980752346,nM
6,Alvocidib,Navitoclax,10,1,2.1069070724309,nM
6,Alvocidib,Navitoclax,10,3,7.44607741814668,nM
6,Alvocidib,Navitoclax,10,10,6.62564504816772,nM
6,Alvocidib,Navitoclax,10,30,8.50288758981209,nM
6,Alvocidib,Navitoclax,10,100,19.1801682911016,nM
6,Alvocidib,Navitoclax,10,300,39.1768823216611,nM
6,Alvocidib,Navitoclax,10,1000,58.5058025627028,nM
6,Alvocidib,Navitoclax,30,0,5.37591667064163,nM
6,Alvocidib,Navitoclax,30,1,8.17747061618994,nM
6,Alvocidib,Navitoclax,30,3,8.03119197658129,nM
6,Alvocidib,Navitoclax,30,10,2.67400179844995,nM
6,Alvocidib,Navitoclax,30,30,8.11493119780653,nM
6,Alvocidib,Navitoclax,30,100,21.9160028478402,nM
6,Alvocidib,Navitoclax,30,300,39.2669814837389,nM
6,Alvocidib,Navitoclax,30,1000,59.2658154945826,nM
6,Alvocidib,Navitoclax,100,0,10.8762055179554,nM
6,Alvocidib,Navitoclax,100,1,7.48847702383035,nM
6,Alvocidib,Navitoclax,100,3,13.5304208337529,nM
6,Alvocidib,Navitoclax,100,10,14.1197753527559,nM
6,Alvocidib,Navitoclax,100,30,9.94553417319886,nM
6,Alvocidib,Navitoclax,100,100,26.4061210897405,nM
6,Alvocidib,Navitoclax,100,300,36.7346650342819,nM
6,Alvocidib,Navitoclax,100,1000,66.3507896043234,nM
6,Alvocidib,Navitoclax,300,0,54.218142437942,nM
6,Alvocidib,Navitoclax,300,1,54.5954989285266,nM
6,Alvocidib,Navitoclax,300,3,52.7776158348394,nM
6,Alvocidib,Navitoclax,300,10,58.715680610837,nM
6,Alvocidib,Navitoclax,300,30,66.3804693283019,nM
6,Alvocidib,Navitoclax,300,100,80.1243015106626,nM
6,Alvocidib,Navitoclax,300,300,87.2071556401192,nM
6,Alvocidib,Navitoclax,300,1000,89.5423139231472,nM
6,Alvocidib,Navitoclax,1000,0,77.4128467271921,nM
6,Alvocidib,Navitoclax,1000,1,80.9807735454727,nM
6,Alvocidib,Navitoclax,1000,3,82.2623016272615,nM
6,Alvocidib,Navitoclax,1000,10,87.8473896859426,nM
6,Alvocidib,Navitoclax,1000,30,95.4008794384879,nM
6,Alvocidib,Navitoclax,1000,100,97.4212206493146,nM
6,Alvocidib,Navitoclax,1000,300,98.870227173554,nM
6,Alvocidib,Navitoclax,1000,1000,101.417383485,nM
